[
    {
        "id": 1,
        "poster": "./blogs/img/b1-poster.png",
        "title": "Adopting A Chihuahua/Beagle Mix",
        "description": "I know, I was surprised to find out that a Chihuahua/beagle mix was a thing, too, but lo and behold, the Cheagle is very much a thing....",
        "read": "./blogs/dan.html"
    },
    {
        "id": 2,
        "poster": "./blogs/img/b2-poster.png",
        "title": "Kafka's blog:",
        "description": "Today, I'm writing down this blog to introduce you to Kafka, my cat. Though, we rarely use this name. It's either Bibou or Bibouch....",
        "read": "./blogs/wesley.html"
    },
    {
        "id": 3,
        "poster": "./blogs/img/b3-poster.png",
        "title": "Kafka's blog:",
        "description": "Today, I'm writing down this blog to introduce you to Kafka, my cat. Though, we rarely use this name. It's either Bibou or Bibouch....",
        "read": "./blogs/eslem.html"
    },
    {
        "id": 4,
        "poster": "./blogs/img/b4-poster.png",
        "title": "KEEPING DOGS HAPPY",
        "description": "Dogs are great pets, wonderful companions and show you love no matter what! It isn't really hard to keep your dog happy....",
        "read": "./blogs/disha.html"
    },
    {
        "id": 5,
        "poster": "./blogs/img/b5-poster.png",
        "title": "Pets are not Toys",
        "description": "Most people view pets as toys rather than living beings with real feelings. Firstly, instead of adopting them....",
        "read": "./blogs/anuran.html"
    },
    {
        "id": 6,
        "poster": "./blogs/img/b6-poster.png",
        "title": "All about pet ownership, love, caring, helping stray dogs",
        "description": "So lets begin with my story. I know no one is going to ask this question but still I ask you this question how do you feel being a pet owner?...",
        "read": "./blogs/omkar.html"
    },
    {
        "id": 7,
        "poster": "./blogs/img/b7-poster.png",
        "title": "Tips For New Feral Rescue Kitten Owners",
        "description": "Have you just adopted your first feral rescue kitten? Or maybe you’ve fallen in love with one but are unsure how to help them become confident, happy domestic cats....",
        "read": "./blogs/elizabeth.html"
    },
    {
        "id": 8,
        "poster": "./blogs/img/b8-poster.png",
        "title": "Stray Dogs are Social Responsibility",
        "description": "We often thinks how we should live but didn't ever realises how stray animals live...",
        "read": "./blogs/pagsum.html"
    },
    {
        "id": 9,
        "poster": "./blogs/img/b9-poster.png",
        "title": "DOGS ARE NOT PERILOUS",
        "description": "Dogs only exhibit aggressive behavior when there is a good reason for it...",
        "read": "./blogs/abhinav.html"
    },
    {
        "id": 10,
        "poster": "./blogs/img/b10-poster.png",
        "title": "MY MEMORABLE ENCOUNTERS WITH ANIMALS",
        "description": "Having strict parents, I was never allowed to have pets inside the house. But I had my fair share of experience playing with strays, feeding them, and bonding with them...",
        "read": "./blogs/tannistha.html"
    },
    {
        "id": 11,
        "poster": "./blogs/img/b11-poster.png",
        "title": "Who names a dog Darryl?",
        "description": "I’ve been fostering dogs with my local humane society for the last 20 years, and my first ‘foster fail’ happened 2 years ago with a dog named Darryl...",
        "read": "./blogs/elise.html"
    }
    
]